h,w,a,b,result,visits,memo
2,3,63,0,1,1,0
2,3,63,1,1,2,1
2,3,63,2,1,3,3
2,3,63,3,1,2,4
2,3,63,4,1,3,6
2,3,63,5,1,2,7
2,3,63,6,1,4,9
2,3,63,7,1,2,10
2,3,63,8,1,3,12
2,3,63,9,1,2,13
2,3,63,10,1,7,19
2,3,63,11,1,2,20
2,3,63,12,1,12,27
2,3,63,13,1,12,34
2,3,63,14,1,10,39
2,3,63,15,1,7,41
2,3,63,16,1,3,43
2,3,63,17,1,2,44
2,3,63,18,1,4,46
2,3,63,19,1,2,47
2,3,63,20,1,6,51
2,3,63,21,1,2,52
2,3,63,22,1,5,54
2,3,63,23,1,2,55
2,3,63,24,1,4,57
2,3,63,25,1,2,58
2,3,63,26,1,5,60
2,3,63,27,1,2,61
2,3,63,28,1,13,68
2,3,63,29,1,16,77
2,3,63,30,1,9,80
2,3,63,31,1,8,82
2,3,63,32,1,3,84
2,3,63,33,1,2,85
2,3,63,34,1,6,89
2,3,63,35,1,2,90
2,3,63,36,1,4,92
2,3,63,37,1,2,93
2,3,63,38,1,5,95
2,3,63,39,1,2,96
2,3,63,40,1,4,98
2,3,63,41,1,2,99
2,3,63,42,1,12,106
2,3,63,43,1,34,120
2,3,63,44,1,11,126
2,3,63,45,0,35,143
2,3,63,46,1,15,150
2,3,63,47,0,18,155
2,3,63,48,1,4,157
2,3,63,49,1,2,158
2,3,63,50,1,5,160
2,3,63,51,1,2,161
2,3,63,52,1,5,163
2,3,63,53,1,2,164
2,3,63,54,1,6,166
2,3,63,55,1,2,167
2,3,63,56,1,5,169
2,3,63,57,1,2,170
2,3,63,58,1,7,173
2,3,63,59,1,33,187
2,3,63,60,1,10,191
2,3,63,61,0,11,197
2,3,63,62,1,13,203
2,3,63,63,0,1,204
