h,w,mode,left,right,a,b,result,visits,memo,seconds
5,2,empty,0,0,1023,0,1,1,0,7e-08
5,2,empty,0,1,1023,2,1,3,2,2.484e-06
5,2,empty,0,2,1023,8,1,3,4,2.8e-07
5,2,empty,0,3,1023,10,1,4,6,1.8e-07
5,2,empty,0,4,1023,32,1,3,8,2.1e-07
5,2,empty,0,5,1023,34,1,8,14,2.894e-06
5,2,empty,0,6,1023,40,1,4,16,1.41e-07
5,2,empty,0,7,1023,42,1,5,18,2e-07
5,2,empty,0,8,1023,128,1,3,20,1.2e-07
5,2,empty,0,9,1023,130,1,8,26,4.91e-07
5,2,empty,0,10,1023,136,1,7,31,8.71e-07
5,2,empty,0,11,1023,138,1,6,34,3.91e-07
5,2,empty,0,12,1023,160,1,4,36,1.3e-07
5,2,empty,0,13,1023,162,1,8,40,3.41e-07
5,2,empty,0,14,1023,168,1,5,42,1.7e-07
5,2,empty,0,15,1023,170,1,6,44,1.4e-07
5,2,empty,0,16,1023,512,1,3,46,1.9e-07
5,2,empty,0,17,1023,514,1,8,52,1.802e-06
5,2,empty,0,18,1023,520,1,7,57,2.7e-07
5,2,empty,0,19,1023,522,1,6,60,7.91e-07
5,2,empty,0,20,1023,544,1,7,65,3.7e-07
5,2,empty,0,21,1023,546,1,19,78,1.082e-06
5,2,empty,0,22,1023,552,1,6,81,3.1e-07
5,2,empty,0,23,1023,554,1,7,84,2.5e-07
5,2,empty,0,24,1023,640,1,4,86,1.8e-07
5,2,empty,0,25,1023,642,1,8,90,3.1e-07
5,2,empty,0,26,1023,648,1,8,94,3.3e-07
5,2,empty,0,27,1023,650,1,6,96,2.4e-07
5,2,empty,0,28,1023,672,1,5,98,2.1e-07
5,2,empty,0,29,1023,674,1,10,102,4.6e-07
5,2,empty,0,30,1023,680,1,6,104,2e-07
5,2,empty,0,31,1023,682,1,7,106,2.9e-07
5,2,empty,1,0,1023,1,1,2,107,1.1e-07
5,2,empty,1,1,1023,3,1,2,108,1.3e-07
5,2,empty,1,2,1023,9,1,2,109,1.4e-07
5,2,empty,1,3,1023,11,1,2,110,1.11e-07
5,2,empty,1,4,1023,33,1,2,111,9e-08
5,2,empty,1,5,1023,35,1,2,112,1.2e-07
5,2,empty,1,6,1023,41,1,2,113,1.2e-07
5,2,empty,1,7,1023,43,1,2,114,1.21e-07
5,2,empty,1,8,1023,129,1,2,115,1e-07
5,2,empty,1,9,1023,131,1,2,116,1.462e-06
5,2,empty,1,10,1023,137,1,2,117,1.4e-07
5,2,empty,1,11,1023,139,1,2,118,9e-08
5,2,empty,1,12,1023,161,1,2,119,1.2e-07
5,2,empty,1,13,1023,163,1,2,120,9.1e-08
5,2,empty,1,14,1023,169,1,2,121,1e-07
5,2,empty,1,15,1023,171,1,2,122,9e-08
5,2,empty,1,16,1023,513,1,2,123,8e-08
5,2,empty,1,17,1023,515,1,2,124,1e-07
5,2,empty,1,18,1023,521,1,2,125,8e-08
5,2,empty,1,19,1023,523,1,2,126,8.1e-08
5,2,empty,1,20,1023,545,1,2,127,9e-08
5,2,empty,1,21,1023,547,1,2,128,8.61e-07
5,2,empty,1,22,1023,553,1,2,129,9e-08
5,2,empty,1,23,1023,555,1,2,130,1.01e-07
5,2,empty,1,24,1023,641,1,2,131,1e-07
5,2,empty,1,25,1023,643,1,2,132,1.3e-07
5,2,empty,1,26,1023,649,1,2,133,1.2e-07
5,2,empty,1,27,1023,651,1,2,134,1.31e-07
5,2,empty,1,28,1023,673,1,2,135,7e-08
5,2,empty,1,29,1023,675,1,2,136,9e-08
5,2,empty,1,30,1023,681,1,2,137,6e-08
5,2,empty,1,31,1023,683,1,2,138,9.1e-08
5,2,empty,2,0,1023,4,1,3,140,2e-07
5,2,empty,2,1,1023,6,1,7,145,4.41e-07
5,2,empty,2,2,1023,12,1,4,147,1.8e-07
5,2,empty,2,3,1023,14,1,5,149,1.6e-07
5,2,empty,2,4,1023,36,1,5,152,2.4e-07
5,2,empty,2,5,1023,38,1,20,166,2.023e-06
5,2,empty,2,6,1023,44,1,5,168,2.1e-07
5,2,empty,2,7,1023,46,1,6,170,1.9e-07
5,2,empty,2,8,1023,132,1,6,174,2.7e-07
5,2,empty,2,9,1023,134,1,19,187,1.011e-06
5,2,empty,2,10,1023,140,1,6,190,2.6e-07
5,2,empty,2,11,1023,142,1,7,193,3.4e-07
5,2,empty,2,12,1023,164,1,5,195,2.2e-07
5,2,empty,2,13,1023,166,1,17,203,7.51e-07
5,2,empty,2,14,1023,172,1,6,205,2.6e-07
5,2,empty,2,15,1023,174,1,7,207,1.9e-07
5,2,empty,2,16,1023,516,1,6,211,2.81e-07
5,2,empty,2,17,1023,518,1,14,220,6.81e-07
5,2,empty,2,18,1023,524,1,6,223,2.21e-07
5,2,empty,2,19,1023,526,1,7,226,3.21e-07
5,2,empty,2,20,1023,548,1,9,231,4.01e-07
5,2,empty,2,21,1023,550,1,45,261,6.048e-06
5,2,empty,2,22,1023,556,1,7,264,3.8e-07
5,2,empty,2,23,1023,558,1,8,267,2.8e-07
5,2,empty,2,24,1023,644,1,5,269,1.9e-07
5,2,empty,2,25,1023,646,1,15,276,5.41e-07
5,2,empty,2,26,1023,652,1,6,278,2.21e-07
5,2,empty,2,27,1023,654,1,7,280,1.91e-07
5,2,empty,2,28,1023,676,1,6,282,2.1e-07
5,2,empty,2,29,1023,678,1,21,290,7.61e-07
5,2,empty,2,30,1023,684,1,7,292,2.1e-07
5,2,empty,2,31,1023,686,1,8,294,2.5e-07
5,2,empty,3,0,1023,5,1,2,295,1.5e-07
5,2,empty,3,1,1023,7,1,2,296,1.1e-07
5,2,empty,3,2,1023,13,1,2,297,1.31e-07
5,2,empty,3,3,1023,15,1,2,298,9e-08
5,2,empty,3,4,1023,37,1,2,299,1.2e-07
5,2,empty,3,5,1023,39,1,2,300,1e-07
5,2,empty,3,6,1023,45,1,2,301,1.31e-07
5,2,empty,3,7,1023,47,1,2,302,1.3e-07
5,2,empty,3,8,1023,133,1,2,303,1.61e-07
5,2,empty,3,9,1023,135,1,2,304,1.1e-07
5,2,empty,3,10,1023,141,1,2,305,1.1e-07
5,2,empty,3,11,1023,143,1,2,306,9e-08
5,2,empty,3,12,1023,165,1,2,307,9e-08
5,2,empty,3,13,1023,167,1,2,308,1.41e-07
5,2,empty,3,14,1023,173,1,2,309,1.4e-07
5,2,empty,3,15,1023,175,1,2,310,1.7e-07
5,2,empty,3,16,1023,517,1,2,311,9e-08
5,2,empty,3,17,1023,519,1,2,312,1.1e-07
5,2,empty,3,18,1023,525,1,2,313,1.3e-07
5,2,empty,3,19,1023,527,1,2,314,1.3e-07
5,2,empty,3,20,1023,549,1,2,315,1.1e-07
5,2,empty,3,21,1023,551,1,2,316,6e-08
5,2,empty,3,22,1023,557,1,2,317,1.1e-07
5,2,empty,3,23,1023,559,1,2,318,8e-08
5,2,empty,3,24,1023,645,1,2,319,8e-08
5,2,empty,3,25,1023,647,1,2,320,1.1e-07
5,2,empty,3,26,1023,653,1,2,321,1.1e-07
5,2,empty,3,27,1023,655,1,2,322,7e-08
5,2,empty,3,28,1023,677,1,2,323,1.21e-07
5,2,empty,3,29,1023,679,1,2,324,1.2e-07
5,2,empty,3,30,1023,685,1,2,325,1.5e-07
5,2,empty,3,31,1023,687,1,2,326,7e-08
5,2,empty,4,0,1023,16,1,3,328,2.2e-07
5,2,empty,4,1,1023,18,1,8,334,5.51e-07
5,2,empty,4,2,1023,24,1,6,338,3e-07
5,2,empty,4,3,1023,26,1,6,341,2.5e-07
5,2,empty,4,4,1023,48,1,4,343,1.6e-07
5,2,empty,4,5,1023,50,1,8,347,3.1e-07
5,2,empty,4,6,1023,56,1,5,349,1.9e-07
5,2,empty,4,7,1023,58,1,6,351,2e-07
5,2,empty,4,8,1023,144,1,8,357,3.7e-07
5,2,empty,4,9,1023,146,1,19,370,2.323e-06
5,2,empty,4,10,1023,152,1,8,375,4.11e-07
5,2,empty,4,11,1023,154,1,8,379,4.21e-07
5,2,empty,4,12,1023,176,1,5,381,1.9e-07
5,2,empty,4,13,1023,178,1,10,385,4e-07
5,2,empty,4,14,1023,184,1,6,387,2.1e-07
5,2,empty,4,15,1023,186,1,7,389,2.4e-07
5,2,empty,4,16,1023,528,1,8,395,4.11e-07
5,2,empty,4,17,1023,530,1,20,407,9.92e-07
5,2,empty,4,18,1023,536,1,8,412,4e-07
5,2,empty,4,19,1023,538,1,8,416,2.9e-07
5,2,empty,4,20,1023,560,1,8,420,3.8e-07
5,2,empty,4,21,1023,562,1,15,427,6.21e-07
5,2,empty,4,22,1023,568,1,7,430,2.51e-07
5,2,empty,4,23,1023,570,1,8,433,2.61e-07
5,2,empty,4,24,1023,656,1,8,437,3.21e-07
5,2,empty,4,25,1023,658,1,18,445,7.01e-07
5,2,empty,4,26,1023,664,1,8,449,4.21e-07
5,2,empty,4,27,1023,666,1,8,452,1.732e-06
5,2,empty,4,28,1023,688,1,6,454,2.4e-07
5,2,empty,4,29,1023,690,1,12,458,3.3e-07
5,2,empty,4,30,1023,696,1,7,460,3.1e-07
5,2,empty,4,31,1023,698,1,8,462,2.3e-07
5,2,empty,5,0,1023,17,1,2,463,1.2e-07
5,2,empty,5,1,1023,19,1,2,464,1.2e-07
5,2,empty,5,2,1023,25,1,2,465,1.1e-07
5,2,empty,5,3,1023,27,1,2,466,1.61e-07
5,2,empty,5,4,1023,49,1,2,467,1.1e-07
5,2,empty,5,5,1023,51,1,2,468,9e-08
5,2,empty,5,6,1023,57,1,2,469,1.4e-07
5,2,empty,5,7,1023,59,1,2,470,1.3e-07
5,2,empty,5,8,1023,145,1,2,471,6e-08
5,2,empty,5,9,1023,147,1,2,472,6e-08
5,2,empty,5,10,1023,153,1,2,473,1.5e-07
5,2,empty,5,11,1023,155,1,2,474,1.01e-07
5,2,empty,5,12,1023,177,1,2,475,1.2e-07
5,2,empty,5,13,1023,179,1,2,476,1.5e-07
5,2,empty,5,14,1023,185,1,2,477,1.2e-07
5,2,empty,5,15,1023,187,1,2,478,1.41e-07
5,2,empty,5,16,1023,529,1,2,479,9e-08
5,2,empty,5,17,1023,531,1,2,480,1.1e-07
5,2,empty,5,18,1023,537,1,2,481,1.3e-07
5,2,empty,5,19,1023,539,1,2,482,8e-08
5,2,empty,5,20,1023,561,1,2,483,1e-07
5,2,empty,5,21,1023,563,1,2,484,8e-08
5,2,empty,5,22,1023,569,1,2,485,6e-08
5,2,empty,5,23,1023,571,1,2,486,1.11e-07
5,2,empty,5,24,1023,657,1,2,487,1.21e-07
5,2,empty,5,25,1023,659,1,2,488,9e-08
5,2,empty,5,26,1023,665,1,2,489,7e-08
5,2,empty,5,27,1023,667,1,2,490,9.1e-08
5,2,empty,5,28,1023,689,1,2,491,8e-08
5,2,empty,5,29,1023,691,1,2,492,7e-08
5,2,empty,5,30,1023,697,1,2,493,8.1e-08
5,2,empty,5,31,1023,699,1,2,494,7e-08
5,2,empty,6,0,1023,20,1,4,496,1.1e-07
5,2,empty,6,1,1023,22,1,8,500,4.4e-07
5,2,empty,6,2,1023,28,1,5,502,2.3e-07
5,2,empty,6,3,1023,30,1,6,504,2.9e-07
5,2,empty,6,4,1023,52,1,5,506,3.5e-07
5,2,empty,6,5,1023,54,1,10,510,6.31e-07
5,2,empty,6,6,1023,60,1,6,512,3.7e-07
5,2,empty,6,7,1023,62,1,7,514,4.51e-07
5,2,empty,6,8,1023,148,1,8,518,4.91e-07
5,2,empty,6,9,1023,150,1,15,525,6.01e-07
5,2,empty,6,10,1023,156,1,7,528,3.8e-07
5,2,empty,6,11,1023,158,1,8,531,3.3e-07
5,2,empty,6,12,1023,180,1,6,533,1.9e-07
5,2,empty,6,13,1023,182,1,12,537,5.4e-07
5,2,empty,6,14,1023,188,1,7,539,2.003e-06
5,2,empty,6,15,1023,190,1,8,541,2.61e-07
5,2,empty,6,16,1023,532,1,8,545,5.618e-06
5,2,empty,6,17,1023,534,1,15,552,7.51e-07
5,2,empty,6,18,1023,540,1,7,555,2.61e-07
5,2,empty,6,19,1023,542,1,8,558,2.51e-07
5,2,empty,6,20,1023,564,1,10,562,4.01e-07
5,2,empty,6,21,1023,566,1,18,569,6.91e-07
5,2,empty,6,22,1023,572,1,8,572,2.61e-07
5,2,empty,6,23,1023,574,1,9,575,4.01e-07
5,2,empty,6,24,1023,660,1,6,577,2.21e-07
5,2,empty,6,25,1023,662,1,12,581,3.5e-07
5,2,empty,6,26,1023,668,1,7,583,1.8e-07
5,2,empty,6,27,1023,670,1,8,585,2.4e-07
5,2,empty,6,28,1023,692,1,7,587,1.71e-07
5,2,empty,6,29,1023,694,1,14,591,3.91e-07
5,2,empty,6,30,1023,700,1,8,593,2.21e-07
5,2,empty,6,31,1023,702,1,9,595,2.61e-07
5,2,empty,7,0,1023,21,1,2,596,1.01e-07
5,2,empty,7,1,1023,23,1,2,597,1.71e-07
5,2,empty,7,2,1023,29,1,2,598,1.1e-07
5,2,empty,7,3,1023,31,1,2,599,1.2e-07
5,2,empty,7,4,1023,53,1,2,600,1.4e-07
5,2,empty,7,5,1023,55,1,2,601,1.41e-07
5,2,empty,7,6,1023,61,1,2,602,1e-07
5,2,empty,7,7,1023,63,1,2,603,1.1e-07
5,2,empty,7,8,1023,149,1,2,604,1.4e-07
5,2,empty,7,9,1023,151,1,2,605,1.1e-07
5,2,empty,7,10,1023,157,1,2,606,1.01e-07
5,2,empty,7,11,1023,159,1,2,607,1.4e-07
5,2,empty,7,12,1023,181,1,2,608,1.2e-07
5,2,empty,7,13,1023,183,1,2,609,1.11e-07
5,2,empty,7,14,1023,189,1,2,610,1.11e-07
5,2,empty,7,15,1023,191,1,2,611,1.2e-07
5,2,empty,7,16,1023,533,1,2,612,1.4e-07
5,2,empty,7,17,1023,535,1,2,613,1e-07
5,2,empty,7,18,1023,541,1,2,614,8e-08
5,2,empty,7,19,1023,543,1,2,615,1.3e-07
5,2,empty,7,20,1023,565,1,2,616,9e-08
5,2,empty,7,21,1023,567,1,2,617,6e-08
5,2,empty,7,22,1023,573,1,2,618,8e-08
5,2,empty,7,23,1023,575,1,2,619,9e-08
5,2,empty,7,24,1023,661,1,2,620,1.2e-07
5,2,empty,7,25,1023,663,1,2,621,9e-08
5,2,empty,7,26,1023,669,1,2,622,9e-08
5,2,empty,7,27,1023,671,1,2,623,1.91e-07
5,2,empty,7,28,1023,693,1,2,624,7e-08
5,2,empty,7,29,1023,695,1,2,625,1.1e-07
5,2,empty,7,30,1023,701,1,2,626,9e-08
5,2,empty,7,31,1023,703,1,2,627,8e-08
5,2,empty,8,0,1023,64,1,3,629,1.9e-07
5,2,empty,8,1,1023,66,1,8,635,5.81e-07
5,2,empty,8,2,1023,72,1,7,640,3.61e-07
5,2,empty,8,3,1023,74,1,6,643,3.51e-07
5,2,empty,8,4,1023,96,1,7,648,3.51e-07
5,2,empty,8,5,1023,98,1,17,659,7.92e-07
5,2,empty,8,6,1023,104,1,6,662,2.41e-07
5,2,empty,8,7,1023,106,1,7,665,2.91e-07
5,2,empty,8,8,1023,192,1,4,667,1.51e-07
5,2,empty,8,9,1023,194,1,8,671,3.81e-07
5,2,empty,8,10,1023,200,1,8,675,3.81e-07
5,2,empty,8,11,1023,202,1,6,677,2.51e-07
5,2,empty,8,12,1023,224,1,5,679,2.11e-07
5,2,empty,8,13,1023,226,1,10,683,4.11e-07
5,2,empty,8,14,1023,232,1,6,685,1.6e-07
5,2,empty,8,15,1023,234,1,7,687,2.51e-07
5,2,empty,8,16,1023,576,1,8,693,3.51e-07
5,2,empty,8,17,1023,578,1,18,705,1.993e-06
5,2,empty,8,18,1023,584,1,12,713,6.51e-07
5,2,empty,8,19,1023,586,1,8,717,2.8e-07
5,2,empty,8,20,1023,608,1,13,725,6.51e-07
5,2,empty,8,21,1023,610,1,32,743,1.352e-06
5,2,empty,8,22,1023,616,1,8,747,2.4e-07
5,2,empty,8,23,1023,618,1,9,751,4.61e-07
5,2,empty,8,24,1023,704,1,5,753,1.5e-07
5,2,empty,8,25,1023,706,1,10,757,3.51e-07
5,2,empty,8,26,1023,712,1,10,761,4.11e-07
5,2,empty,8,27,1023,714,1,7,763,2.11e-07
5,2,empty,8,28,1023,736,1,6,765,1.5e-07
5,2,empty,8,29,1023,738,1,12,769,4.51e-07
5,2,empty,8,30,1023,744,1,7,771,1.91e-07
5,2,empty,8,31,1023,746,1,8,773,2.31e-07
5,2,empty,9,0,1023,65,1,2,774,1.2e-07
5,2,empty,9,1,1023,67,1,2,775,1.4e-07
5,2,empty,9,2,1023,73,1,2,776,1.1e-07
5,2,empty,9,3,1023,75,1,2,777,9e-08
5,2,empty,9,4,1023,97,1,2,778,1.41e-07
5,2,empty,9,5,1023,99,1,2,779,1.1e-07
5,2,empty,9,6,1023,105,1,2,780,9e-08
5,2,empty,9,7,1023,107,1,2,781,6e-08
5,2,empty,9,8,1023,193,1,2,782,1.4e-07
5,2,empty,9,9,1023,195,1,2,783,6e-08
5,2,empty,9,10,1023,201,1,2,784,1.242e-06
5,2,empty,9,11,1023,203,1,2,785,6e-08
5,2,empty,9,12,1023,225,1,2,786,1.7e-07
5,2,empty,9,13,1023,227,1,2,787,6e-08
5,2,empty,9,14,1023,233,1,2,788,1.7e-07
5,2,empty,9,15,1023,235,1,2,789,1.3e-07
5,2,empty,9,16,1023,577,1,2,790,6e-08
5,2,empty,9,17,1023,579,1,2,791,6e-08
5,2,empty,9,18,1023,585,1,2,792,1.5e-07
5,2,empty,9,19,1023,587,1,2,793,1.2e-07
5,2,empty,9,20,1023,609,1,2,794,1.1e-07
5,2,empty,9,21,1023,611,1,2,795,7.1e-08
5,2,empty,9,22,1023,617,1,2,796,8e-08
5,2,empty,9,23,1023,619,1,2,797,1.2e-07
5,2,empty,9,24,1023,705,1,2,798,8e-08
5,2,empty,9,25,1023,707,1,2,799,8e-08
5,2,empty,9,26,1023,713,1,2,800,1.4e-07
5,2,empty,9,27,1023,715,1,2,801,1.2e-07
5,2,empty,9,28,1023,737,1,2,802,1.21e-07
5,2,empty,9,29,1023,739,1,2,803,9e-08
5,2,empty,9,30,1023,745,1,2,804,1e-07
5,2,empty,9,31,1023,747,1,2,805,1e-07
5,2,empty,10,0,1023,68,1,6,809,3.41e-07
5,2,empty,10,1,1023,70,1,13,817,6.21e-07
5,2,empty,10,2,1023,76,1,6,820,2.5e-07
5,2,empty,10,3,1023,78,1,7,823,2.9e-07
5,2,empty,10,4,1023,100,1,9,828,3.81e-07
5,2,empty,10,5,1023,102,1,44,854,1.913e-06
5,2,empty,10,6,1023,108,1,7,857,2.3e-07
5,2,empty,10,7,1023,110,1,8,860,2.8e-07
5,2,empty,10,8,1023,196,1,5,862,2.3e-07
5,2,empty,10,9,1023,198,1,15,869,1.932e-06
5,2,empty,10,10,1023,204,1,6,871,2.11e-07
5,2,empty,10,11,1023,206,1,7,873,1.51e-07
5,2,empty,10,12,1023,228,1,6,875,1.6e-07
5,2,empty,10,13,1023,230,1,21,883,9.21e-07
5,2,empty,10,14,1023,236,1,7,885,1.8e-07
5,2,empty,10,15,1023,238,1,8,887,2.4e-07
5,2,empty,10,16,1023,580,1,12,894,6.71e-07
5,2,empty,10,17,1023,582,1,24,907,1.062e-06
5,2,empty,10,18,1023,588,1,8,911,3.1e-07
5,2,empty,10,19,1023,590,1,9,915,3.4e-07
5,2,empty,10,20,1023,612,1,16,923,6.01e-07
5,2,empty,10,21,1023,614,1,125,992,9.394e-06
5,2,empty,10,22,1023,620,1,9,996,3.01e-07
5,2,empty,10,23,1023,622,1,26,1011,1.402e-06
5,2,empty,10,24,1023,708,1,6,1013,2.4e-07
5,2,empty,10,25,1023,710,1,18,1020,7.91e-07
5,2,empty,10,26,1023,716,1,7,1022,2.9e-07
5,2,empty,10,27,1023,718,1,8,1024,3.1e-07
5,2,empty,10,28,1023,740,1,7,1026,2.7e-07
5,2,empty,10,29,1023,742,1,70,1055,4.296e-06
5,2,empty,10,30,1023,748,1,8,1057,2.91e-07
5,2,empty,10,31,1023,750,1,16,1064,6.81e-07
5,2,empty,11,0,1023,69,1,2,1065,1.7e-07
5,2,empty,11,1,1023,71,1,2,1066,1.4e-07
5,2,empty,11,2,1023,77,1,2,1067,1e-07
5,2,empty,11,3,1023,79,1,2,1068,1.41e-07
5,2,empty,11,4,1023,101,1,2,1069,1.1e-07
5,2,empty,11,5,1023,103,1,2,1070,8e-08
5,2,empty,11,6,1023,109,1,2,1071,1.3e-07
5,2,empty,11,7,1023,111,1,2,1072,1.31e-07
5,2,empty,11,8,1023,197,1,2,1073,9e-08
5,2,empty,11,9,1023,199,1,2,1074,1.5e-07
5,2,empty,11,10,1023,205,1,2,1075,9e-08
5,2,empty,11,11,1023,207,1,2,1076,1.71e-07
5,2,empty,11,12,1023,229,1,2,1077,1.21e-07
5,2,empty,11,13,1023,231,1,2,1078,1.4e-07
5,2,empty,11,14,1023,237,1,2,1079,1.3e-07
5,2,empty,11,15,1023,239,1,2,1080,9e-08
5,2,empty,11,16,1023,581,1,2,1081,6e-08
5,2,empty,11,17,1023,583,1,2,1082,2.4e-07
5,2,empty,11,18,1023,589,1,2,1083,9e-08
5,2,empty,11,19,1023,591,1,2,1084,1.11e-07
5,2,empty,11,20,1023,613,1,2,1085,1.31e-07
5,2,empty,11,21,1023,615,1,136,1150,2.1552e-05
5,2,empty,11,22,1023,621,1,2,1151,1.2e-07
5,2,empty,11,23,1023,623,1,152,1224,5.949e-06
5,2,empty,11,24,1023,709,1,2,1225,1.31e-07
5,2,empty,11,25,1023,711,1,2,1226,9e-08
5,2,empty,11,26,1023,717,1,2,1227,1.7e-07
5,2,empty,11,27,1023,719,1,2,1228,9e-08
5,2,empty,11,28,1023,741,1,2,1229,1.01e-07
5,2,empty,11,29,1023,743,1,51,1251,2.083e-06
5,2,empty,11,30,1023,749,1,2,1252,1.1e-07
5,2,empty,11,31,1023,751,1,73,1285,2.924e-06
5,2,empty,12,0,1023,80,1,4,1287,1.9e-07
5,2,empty,12,1,1023,82,1,8,1291,3.9e-07
5,2,empty,12,2,1023,88,1,6,1294,2.8e-07
5,2,empty,12,3,1023,90,1,6,1296,3.2e-07
5,2,empty,12,4,1023,112,1,5,1298,2e-07
5,2,empty,12,5,1023,114,1,10,1302,3.7e-07
5,2,empty,12,6,1023,120,1,6,1304,2.31e-07
5,2,empty,12,7,1023,122,1,7,1306,2.6e-07
5,2,empty,12,8,1023,208,1,5,1308,2.41e-07
5,2,empty,12,9,1023,210,1,10,1312,3.71e-07
5,2,empty,12,10,1023,216,1,7,1315,2.51e-07
5,2,empty,12,11,1023,218,1,7,1317,2.01e-07
5,2,empty,12,12,1023,240,1,6,1319,1.81e-07
5,2,empty,12,13,1023,242,1,12,1323,3.91e-07
5,2,empty,12,14,1023,248,1,7,1325,2.11e-07
5,2,empty,12,15,1023,250,1,8,1327,2.91e-07
5,2,empty,12,16,1023,592,1,8,1331,4.31e-07
5,2,empty,12,17,1023,594,1,15,1338,6.11e-07
5,2,empty,12,18,1023,600,1,8,1342,4.61e-07
5,2,empty,12,19,1023,602,1,8,1345,1.442e-06
5,2,empty,12,20,1023,624,1,10,1349,3.91e-07
5,2,empty,12,21,1023,626,1,18,1356,6.91e-07
5,2,empty,12,22,1023,632,1,8,1359,2.51e-07
5,2,empty,12,23,1023,634,1,9,1362,2.91e-07
5,2,empty,12,24,1023,720,1,6,1364,2.01e-07
5,2,empty,12,25,1023,722,1,12,1368,4.41e-07
5,2,empty,12,26,1023,728,1,8,1371,2.71e-07
5,2,empty,12,27,1023,730,1,8,1373,2.2e-07
5,2,empty,12,28,1023,752,1,7,1375,2.4e-07
5,2,empty,12,29,1023,754,1,14,1379,4.9e-07
5,2,empty,12,30,1023,760,1,8,1381,1.9e-07
5,2,empty,12,31,1023,762,1,9,1383,2.4e-07
5,2,empty,13,0,1023,81,1,2,1384,1.1e-07
5,2,empty,13,1,1023,83,1,2,1385,1.7e-07
5,2,empty,13,2,1023,89,1,2,1386,1.11e-07
5,2,empty,13,3,1023,91,1,2,1387,8e-08
5,2,empty,13,4,1023,113,1,2,1388,1.2e-07
5,2,empty,13,5,1023,115,1,2,1389,1.1e-07
5,2,empty,13,6,1023,121,1,2,1390,1e-07
5,2,empty,13,7,1023,123,1,2,1391,8.1e-08
5,2,empty,13,8,1023,209,1,2,1392,1.1e-07
5,2,empty,13,9,1023,211,1,2,1393,1e-07
5,2,empty,13,10,1023,217,1,2,1394,1.1e-07
5,2,empty,13,11,1023,219,1,2,1395,1.11e-07
5,2,empty,13,12,1023,241,1,2,1396,1.2e-07
5,2,empty,13,13,1023,243,1,2,1397,6e-08
5,2,empty,13,14,1023,249,1,2,1398,9e-08
5,2,empty,13,15,1023,251,1,2,1399,1.21e-07
5,2,empty,13,16,1023,593,1,2,1400,7e-08
5,2,empty,13,17,1023,595,1,2,1401,6e-08
5,2,empty,13,18,1023,601,1,2,1402,1.41e-07
5,2,empty,13,19,1023,603,1,2,1403,6e-08
5,2,empty,13,20,1023,625,1,2,1404,1e-07
5,2,empty,13,21,1023,627,1,2,1405,1.1e-07
5,2,empty,13,22,1023,633,1,2,1406,1.3e-07
5,2,empty,13,23,1023,635,1,2,1407,1e-07
5,2,empty,13,24,1023,721,1,2,1408,1.7e-07
5,2,empty,13,25,1023,723,1,2,1409,9e-08
5,2,empty,13,26,1023,729,1,2,1410,8e-08
5,2,empty,13,27,1023,731,1,2,1411,9e-08
5,2,empty,13,28,1023,753,1,2,1412,1.1e-07
5,2,empty,13,29,1023,755,1,2,1413,1.01e-07
5,2,empty,13,30,1023,761,1,2,1414,6e-08
5,2,empty,13,31,1023,763,1,2,1415,9e-08
5,2,empty,14,0,1023,84,1,5,1417,2.6e-07
5,2,empty,14,1,1023,86,1,10,1421,3.21e-07
5,2,empty,14,2,1023,92,1,6,1423,2.5e-07
5,2,empty,14,3,1023,94,1,7,1425,1.4e-07
5,2,empty,14,4,1023,116,1,6,1427,2.5e-07
5,2,empty,14,5,1023,118,1,12,1431,1.863e-06
5,2,empty,14,6,1023,124,1,7,1433,2.71e-07
5,2,empty,14,7,1023,126,1,8,1435,2.21e-07
5,2,empty,14,8,1023,212,1,6,1437,2.91e-07
5,2,empty,14,9,1023,214,1,12,1441,4.01e-07
5,2,empty,14,10,1023,220,1,7,1443,2.81e-07
5,2,empty,14,11,1023,222,1,8,1445,1.4e-07
5,2,empty,14,12,1023,244,1,7,1447,3.31e-07
5,2,empty,14,13,1023,246,1,14,1451,4.61e-07
5,2,empty,14,14,1023,252,1,8,1453,2.8e-07
5,2,empty,14,15,1023,254,1,9,1455,2.5e-07
5,2,empty,14,16,1023,596,1,10,1459,3.8e-07
5,2,empty,14,17,1023,598,1,18,1466,6.51e-07
5,2,empty,14,18,1023,604,1,8,1469,3.21e-07
5,2,empty,14,19,1023,606,1,9,1472,3.5e-07
5,2,empty,14,20,1023,628,1,12,1476,5e-07
5,2,empty,14,21,1023,630,1,39,1492,1.532e-06
5,2,empty,14,22,1023,636,1,9,1495,2.6e-07
5,2,empty,14,23,1023,638,1,29,1510,1.252e-06
5,2,empty,14,24,1023,724,1,7,1512,3.01e-07
5,2,empty,14,25,1023,726,1,14,1516,1.523e-06
5,2,empty,14,26,1023,732,1,8,1518,2.81e-07
5,2,empty,14,27,1023,734,1,9,1520,2.9e-07
5,2,empty,14,28,1023,756,1,8,1522,2.7e-07
5,2,empty,14,29,1023,758,1,41,1540,1.622e-06
5,2,empty,14,30,1023,764,1,9,1542,2.8e-07
5,2,empty,14,31,1023,766,1,29,1556,1.232e-06
5,2,empty,15,0,1023,85,1,2,1557,1e-07
5,2,empty,15,1,1023,87,1,2,1558,9e-08
5,2,empty,15,2,1023,93,1,2,1559,9e-08
5,2,empty,15,3,1023,95,1,2,1560,6e-08
5,2,empty,15,4,1023,117,1,2,1561,7e-08
5,2,empty,15,5,1023,119,1,2,1562,6.1e-08
5,2,empty,15,6,1023,125,1,2,1563,7e-08
5,2,empty,15,7,1023,127,1,2,1564,8e-08
5,2,empty,15,8,1023,213,1,2,1565,8e-08
5,2,empty,15,9,1023,215,1,2,1566,7e-08
5,2,empty,15,10,1023,221,1,2,1567,7e-08
5,2,empty,15,11,1023,223,1,2,1568,8e-08
5,2,empty,15,12,1023,245,1,2,1569,1.3e-07
5,2,empty,15,13,1023,247,1,2,1570,9e-08
5,2,empty,15,14,1023,253,1,2,1571,8e-08
5,2,empty,15,15,1023,255,1,2,1572,6e-08
5,2,empty,15,16,1023,597,1,2,1573,1.7e-07
5,2,empty,15,17,1023,599,1,2,1574,1.2e-07
5,2,empty,15,18,1023,605,1,2,1575,7e-08
5,2,empty,15,19,1023,607,1,2,1576,1.4e-07
5,2,empty,15,20,1023,629,1,2,1577,1.1e-07
5,2,empty,15,21,1023,631,1,122,1630,6.349e-06
5,2,empty,15,22,1023,637,1,2,1631,1e-07
5,2,empty,15,23,1023,639,1,628,1894,2.6299e-05
5,2,empty,15,24,1023,725,1,2,1895,1.2e-07
5,2,empty,15,25,1023,727,1,2,1896,9e-08
5,2,empty,15,26,1023,733,1,2,1897,8e-08
5,2,empty,15,27,1023,735,1,2,1898,1.2e-07
5,2,empty,15,28,1023,757,1,2,1899,1.1e-07
5,2,empty,15,29,1023,759,1,133,1959,6.87e-06
5,2,empty,15,30,1023,765,1,2,1960,9e-08
5,2,empty,15,31,1023,767,1,591,2196,2.5948e-05
5,2,empty,16,0,1023,256,1,3,2198,1.182e-06
5,2,empty,16,1,1023,258,1,8,2204,4.7e-07
5,2,empty,16,2,1023,264,1,7,2209,2.91e-07
5,2,empty,16,3,1023,266,1,6,2212,3.61e-07
5,2,empty,16,4,1023,288,1,7,2217,4.01e-07
5,2,empty,16,5,1023,290,1,17,2228,9.22e-07
5,2,empty,16,6,1023,296,1,6,2231,4e-07
5,2,empty,16,7,1023,298,1,7,2234,3.1e-07
5,2,empty,16,8,1023,384,1,8,2240,4.31e-07
5,2,empty,16,9,1023,386,1,17,2251,1.042e-06
5,2,empty,16,10,1023,392,1,12,2259,7.71e-07
5,2,empty,16,11,1023,394,1,8,2263,3.91e-07
5,2,empty,16,12,1023,416,1,8,2267,3.6e-07
5,2,empty,16,13,1023,418,1,10,2271,3.71e-07
5,2,empty,16,14,1023,424,1,7,2274,3.1e-07
5,2,empty,16,15,1023,426,1,8,2277,3.4e-07
5,2,empty,16,16,1023,768,1,4,2279,1.6e-07
5,2,empty,16,17,1023,770,1,8,2283,1.722e-06
5,2,empty,16,18,1023,776,1,8,2287,3.51e-07
5,2,empty,16,19,1023,778,1,6,2289,2.51e-07
5,2,empty,16,20,1023,800,1,6,2292,3.21e-07
5,2,empty,16,21,1023,802,1,15,2299,7.11e-07
5,2,empty,16,22,1023,808,1,6,2301,2.6e-07
5,2,empty,16,23,1023,810,1,7,2303,2.2e-07
5,2,empty,16,24,1023,896,1,5,2305,2.2e-07
5,2,empty,16,25,1023,898,1,10,2309,4.01e-07
5,2,empty,16,26,1023,904,1,10,2313,4.51e-07
5,2,empty,16,27,1023,906,1,7,2315,2.3e-07
5,2,empty,16,28,1023,928,1,6,2317,2.31e-07
5,2,empty,16,29,1023,930,1,12,2321,4.51e-07
5,2,empty,16,30,1023,936,1,7,2323,3.5e-07
5,2,empty,16,31,1023,938,1,8,2325,1.9e-07
5,2,empty,17,0,1023,257,1,2,2326,1.3e-07
5,2,empty,17,1,1023,259,1,2,2327,1.3e-07
5,2,empty,17,2,1023,265,1,2,2328,1.41e-07
5,2,empty,17,3,1023,267,1,2,2329,1.2e-07
5,2,empty,17,4,1023,289,1,2,2330,1.1e-07
5,2,empty,17,5,1023,291,1,2,2331,1.4e-07
5,2,empty,17,6,1023,297,1,2,2332,1.1e-07
5,2,empty,17,7,1023,299,1,2,2333,7e-08
5,2,empty,17,8,1023,385,1,2,2334,1e-07
5,2,empty,17,9,1023,387,1,2,2335,1.4e-07
5,2,empty,17,10,1023,393,1,2,2336,2.6e-07
5,2,empty,17,11,1023,395,1,2,2337,1.4e-07
5,2,empty,17,12,1023,417,1,2,2338,9e-08
5,2,empty,17,13,1023,419,1,2,2339,1.2e-07
5,2,empty,17,14,1023,425,1,2,2340,9e-08
5,2,empty,17,15,1023,427,1,2,2341,8.1e-08
5,2,empty,17,16,1023,769,1,2,2342,2.41e-07
5,2,empty,17,17,1023,771,1,2,2343,1.2e-07
5,2,empty,17,18,1023,777,1,2,2344,1.1e-07
5,2,empty,17,19,1023,779,1,2,2345,1.3e-07
5,2,empty,17,20,1023,801,1,2,2346,1e-07
5,2,empty,17,21,1023,803,1,2,2347,9e-08
5,2,empty,17,22,1023,809,1,2,2348,7e-08
5,2,empty,17,23,1023,811,1,2,2349,7e-08
5,2,empty,17,24,1023,897,1,2,2350,1e-07
5,2,empty,17,25,1023,899,1,2,2351,8e-08
5,2,empty,17,26,1023,905,1,2,2352,6e-08
5,2,empty,17,27,1023,907,1,2,2353,1.8e-07
5,2,empty,17,28,1023,929,1,2,2354,1.41e-07
5,2,empty,17,29,1023,931,1,2,2355,7e-08
5,2,empty,17,30,1023,937,1,2,2356,8e-08
5,2,empty,17,31,1023,939,1,2,2357,7e-08
5,2,empty,18,0,1023,260,1,6,2361,2.3445e-05
5,2,empty,18,1,1023,262,1,10,2367,6.91e-07
5,2,empty,18,2,1023,268,1,6,2370,2.61e-07
5,2,empty,18,3,1023,270,1,7,2373,2.81e-07
5,2,empty,18,4,1023,292,1,9,2378,3.91e-07
5,2,empty,18,5,1023,294,1,164,2458,5.828e-06
5,2,empty,18,6,1023,300,1,7,2461,2.6e-07
5,2,empty,18,7,1023,302,1,14,2466,5.41e-07
5,2,empty,18,8,1023,388,1,11,2472,5.01e-07
5,2,empty,18,9,1023,390,1,101,2520,3.875e-06
5,2,empty,18,10,1023,396,1,8,2524,3.11e-07
5,2,empty,18,11,1023,398,1,38,2538,1.332e-06
5,2,empty,18,12,1023,420,1,10,2542,4.61e-07
5,2,empty,18,13,1023,422,1,145,2606,5.418e-06
5,2,empty,18,14,1023,428,1,8,2609,3.1e-07
5,2,empty,18,15,1023,430,1,39,2628,1.592e-06
5,2,empty,18,16,1023,772,1,5,2630,2.2e-07
5,2,empty,18,17,1023,774,1,11,2635,5.11e-07
5,2,empty,18,18,1023,780,1,6,2637,2.91e-07
5,2,empty,18,19,1023,782,1,7,2639,2.21e-07
5,2,empty,18,20,1023,804,1,7,2642,3.51e-07
5,2,empty,18,21,1023,806,1,178,2725,6.62e-06
5,2,empty,18,22,1023,812,1,7,2727,3e-07
5,2,empty,18,23,1023,814,1,8,2729,3.21e-07
5,2,empty,18,24,1023,900,1,6,2731,2.21e-07
5,2,empty,18,25,1023,902,1,18,2738,7.31e-07
5,2,empty,18,26,1023,908,1,7,2740,2.1e-07
5,2,empty,18,27,1023,910,1,8,2742,1.8e-07
5,2,empty,18,28,1023,932,1,7,2744,2e-07
5,2,empty,18,29,1023,934,1,83,2772,4.176e-06
5,2,empty,18,30,1023,940,1,8,2774,2.4e-07
5,2,empty,18,31,1023,942,1,22,2781,6.31e-07
5,2,empty,19,0,1023,261,1,2,2782,1.3e-07
5,2,empty,19,1,1023,263,1,2,2783,1.2e-07
5,2,empty,19,2,1023,269,1,2,2784,1.01e-07
5,2,empty,19,3,1023,271,1,2,2785,1e-07
5,2,empty,19,4,1023,293,1,2,2786,9e-08
5,2,empty,19,5,1023,295,1,2,2787,9e-08
5,2,empty,19,6,1023,301,1,2,2788,1e-07
5,2,empty,19,7,1023,303,1,2,2789,1e-07
5,2,empty,19,8,1023,389,1,2,2790,1.5e-07
5,2,empty,19,9,1023,391,1,2,2791,1e-07
5,2,empty,19,10,1023,397,1,2,2792,6e-08
5,2,empty,19,11,1023,399,1,2,2793,1.2e-07
5,2,empty,19,12,1023,421,1,2,2794,6e-08
5,2,empty,19,13,1023,423,1,26,2808,1.192e-06
5,2,empty,19,14,1023,429,1,2,2809,7e-08
5,2,empty,19,15,1023,431,1,40,2830,1.753e-06
5,2,empty,19,16,1023,773,1,2,2831,9.1e-08
5,2,empty,19,17,1023,775,1,2,2832,8e-08
5,2,empty,19,18,1023,781,1,2,2833,8e-08
5,2,empty,19,19,1023,783,1,2,2834,6e-08
5,2,empty,19,20,1023,805,1,2,2835,7e-08
5,2,empty,19,21,1023,807,1,2,2836,1.1e-07
5,2,empty,19,22,1023,813,1,2,2837,8e-08
5,2,empty,19,23,1023,815,1,2,2838,8e-08
5,2,empty,19,24,1023,901,1,2,2839,1.1e-07
5,2,empty,19,25,1023,903,1,2,2840,9e-08
5,2,empty,19,26,1023,909,1,2,2841,9e-08
5,2,empty,19,27,1023,911,1,2,2842,1.1e-07
5,2,empty,19,28,1023,933,1,2,2843,1e-07
5,2,empty,19,29,1023,935,1,27,2854,2.204e-06
5,2,empty,19,30,1023,941,1,2,2855,7e-08
5,2,empty,19,31,1023,943,1,27,2865,9.22e-07
5,2,empty,20,0,1023,272,1,7,2870,4.51e-07
5,2,empty,20,1,1023,274,1,16,2880,7.11e-07
5,2,empty,20,2,1023,280,1,8,2885,4.61e-07
5,2,empty,20,3,1023,282,1,8,2889,2.9e-07
5,2,empty,20,4,1023,304,1,8,2893,4.21e-07
5,2,empty,20,5,1023,306,1,15,2900,6.61e-07
5,2,empty,20,6,1023,312,1,7,2903,3.41e-07
5,2,empty,20,7,1023,314,1,8,2906,2.6e-07
5,2,empty,20,8,1023,400,1,15,2915,6.2e-07
5,2,empty,20,9,1023,402,1,52,2942,3.125e-06
5,2,empty,20,10,1023,408,1,10,2948,4.71e-07
5,2,empty,20,11,1023,410,1,47,2969,1.973e-06
5,2,empty,20,12,1023,432,1,10,2973,3.8e-07
5,2,empty,20,13,1023,434,1,21,2983,8.11e-07
5,2,empty,20,14,1023,440,1,8,2986,2.9e-07
5,2,empty,20,15,1023,442,1,11,2989,2.8e-07
5,2,empty,20,16,1023,784,1,6,2992,3.2e-07
5,2,empty,20,17,1023,786,1,14,2998,5.41e-07
5,2,empty,20,18,1023,792,1,8,3002,4.31e-07
5,2,empty,20,19,1023,794,1,8,3005,2.7e-07
5,2,empty,20,20,1023,816,1,6,3007,2.5e-07
5,2,empty,20,21,1023,818,1,12,3011,5.1e-07
5,2,empty,20,22,1023,824,1,7,3013,1.8e-07
5,2,empty,20,23,1023,826,1,8,3015,2.5e-07
5,2,empty,20,24,1023,912,1,10,3019,4.41e-07
5,2,empty,20,25,1023,914,1,38,3035,2.644e-06
5,2,empty,20,26,1023,920,1,9,3039,4.21e-07
5,2,empty,20,27,1023,922,1,38,3055,1.593e-06
5,2,empty,20,28,1023,944,1,7,3057,2.21e-07
5,2,empty,20,29,1023,946,1,23,3068,9.12e-07
5,2,empty,20,30,1023,952,1,8,3070,2.11e-07
5,2,empty,20,31,1023,954,1,16,3075,3.81e-07
5,2,empty,21,0,1023,273,1,2,3076,1.51e-07
5,2,empty,21,1,1023,275,1,2,3077,1e-07
5,2,empty,21,2,1023,281,1,2,3078,7e-08
5,2,empty,21,3,1023,283,1,2,3079,9e-08
5,2,empty,21,4,1023,305,1,2,3080,7e-08
5,2,empty,21,5,1023,307,1,2,3081,6.1e-08
5,2,empty,21,6,1023,313,1,2,3082,7e-08
5,2,empty,21,7,1023,315,1,2,3083,9e-08
5,2,empty,21,8,1023,401,1,2,3084,1.31e-07
5,2,empty,21,9,1023,403,1,19,3093,7.81e-07
5,2,empty,21,10,1023,409,1,2,3094,1e-07
5,2,empty,21,11,1023,411,1,154,3162,8.041e-06
5,2,empty,21,12,1023,433,1,2,3163,1.1e-07
5,2,empty,21,13,1023,435,1,20,3171,6.2e-07
5,2,empty,21,14,1023,441,1,2,3172,9e-08
5,2,empty,21,15,1023,443,1,105,3213,4.597e-06
5,2,empty,21,16,1023,785,1,2,3214,1.01e-07
5,2,empty,21,17,1023,787,1,2,3215,1.11e-07
5,2,empty,21,18,1023,793,1,2,3216,7e-08
5,2,empty,21,19,1023,795,1,2,3217,6e-08
5,2,empty,21,20,1023,817,1,2,3218,7.1e-08
5,2,empty,21,21,1023,819,1,2,3219,6e-08
5,2,empty,21,22,1023,825,1,2,3220,7e-08
5,2,empty,21,23,1023,827,1,2,3221,6e-08
5,2,empty,21,24,1023,913,1,2,3222,8e-08
5,2,empty,21,25,1023,915,1,12,3227,4.7e-07
5,2,empty,21,26,1023,921,1,2,3228,1e-07
5,2,empty,21,27,1023,923,1,93,3271,3.605e-06
5,2,empty,21,28,1023,945,1,2,3272,1e-07
5,2,empty,21,29,1023,947,1,21,3280,1.812e-06
5,2,empty,21,30,1023,953,1,2,3281,1e-07
5,2,empty,21,31,1023,955,1,71,3312,2.734e-06
5,2,empty,22,0,1023,276,1,8,3316,3.4e-07
5,2,empty,22,1,1023,278,1,15,3323,6.21e-07
5,2,empty,22,2,1023,284,1,7,3326,2.7e-07
5,2,empty,22,3,1023,286,1,8,3329,2.91e-07
5,2,empty,22,4,1023,308,1,10,3333,5.01e-07
5,2,empty,22,5,1023,310,1,31,3345,1.181e-06
5,2,empty,22,6,1023,316,1,8,3348,2.6e-07
5,2,empty,22,7,1023,318,1,15,3352,5.11e-07
5,2,empty,22,8,1023,404,1,14,3358,7.31e-07
5,2,empty,22,9,1023,406,1,20,3367,3.4281e-05
5,2,empty,22,10,1023,412,1,9,3371,5.2e-07
5,2,empty,22,11,1023,414,1,14,3376,6.31e-07
5,2,empty,22,12,1023,436,1,7,3378,1.9e-07
5,2,empty,22,13,1023,438,1,36,3391,1.412e-06
5,2,empty,22,14,1023,444,1,9,3394,3.1e-07
5,2,empty,22,15,1023,446,1,14,3398,6.21e-07
5,2,empty,22,16,1023,788,1,6,3400,2.41e-07
5,2,empty,22,17,1023,790,1,12,3404,4.61e-07
5,2,empty,22,18,1023,796,1,7,3406,2.4e-07
5,2,empty,22,19,1023,798,1,8,3408,2.5e-07
5,2,empty,22,20,1023,820,1,7,3410,2.51e-07
5,2,empty,22,21,1023,822,1,38,3422,1.342e-06
5,2,empty,22,22,1023,828,1,8,3424,1.71e-07
5,2,empty,22,23,1023,830,1,9,3426,3.01e-07
5,2,empty,22,24,1023,916,1,7,3428,1.8e-07
5,2,empty,22,25,1023,918,1,21,3436,7.61e-07
5,2,empty,22,26,1023,924,1,8,3438,2.8e-07
5,2,empty,22,27,1023,926,1,14,3442,4e-07
5,2,empty,22,28,1023,948,1,8,3444,1.8e-07
5,2,empty,22,29,1023,950,1,28,3453,2.433e-06
5,2,empty,22,30,1023,956,1,9,3455,1.91e-07
5,2,empty,22,31,1023,958,1,15,3459,4.71e-07
5,2,empty,23,0,1023,277,1,2,3460,1e-07
5,2,empty,23,1,1023,279,1,2,3461,8e-08
5,2,empty,23,2,1023,285,1,2,3462,8e-08
5,2,empty,23,3,1023,287,1,2,3463,1e-07
5,2,empty,23,4,1023,309,1,2,3464,1.1e-07
5,2,empty,23,5,1023,311,1,2,3465,1.01e-07
5,2,empty,23,6,1023,317,1,2,3466,1.3e-07
5,2,empty,23,7,1023,319,1,2,3467,9e-08
5,2,empty,23,8,1023,405,1,2,3468,1.1e-07
5,2,empty,23,9,1023,407,1,10,3472,5.01e-07
5,2,empty,23,10,1023,413,1,2,3473,1.1e-07
5,2,empty,23,11,1023,415,1,66,3499,2.834e-06
5,2,empty,23,12,1023,437,1,2,3500,9e-08
5,2,empty,23,13,1023,439,1,10,3503,3.4e-07
5,2,empty,23,14,1023,445,1,2,3504,1.5e-07
5,2,empty,23,15,1023,447,1,342,3636,1.4701e-05
5,2,empty,23,16,1023,789,1,2,3637,1.1e-07
5,2,empty,23,17,1023,791,1,2,3638,1.21e-07
5,2,empty,23,18,1023,797,1,2,3639,1e-07
5,2,empty,23,19,1023,799,1,2,3640,6e-08
5,2,empty,23,20,1023,821,1,2,3641,1.31e-07
5,2,empty,23,21,1023,823,1,2,3642,1.7e-07
5,2,empty,23,22,1023,829,1,2,3643,6e-08
5,2,empty,23,23,1023,831,1,2,3644,1.1e-07
5,2,empty,23,24,1023,917,1,2,3645,1.1e-07
5,2,empty,23,25,1023,919,1,10,3648,3.51e-07
5,2,empty,23,26,1023,925,1,2,3649,9e-08
5,2,empty,23,27,1023,927,1,37,3663,1.332e-06
5,2,empty,23,28,1023,949,1,2,3664,1.21e-07
5,2,empty,23,29,1023,951,1,11,3667,4.11e-07
5,2,empty,23,30,1023,957,1,2,3668,1.61e-07
5,2,empty,23,31,1023,959,0,188,3739,8.583e-06
5,2,empty,24,0,1023,320,1,4,3741,2.51e-07
5,2,empty,24,1,1023,322,1,8,3745,3.61e-07
5,2,empty,24,2,1023,328,1,8,3749,3.81e-07
5,2,empty,24,3,1023,330,1,6,3751,2.6e-07
5,2,empty,24,4,1023,352,1,6,3754,4.1e-07
5,2,empty,24,5,1023,354,1,15,3761,6.91e-07
5,2,empty,24,6,1023,360,1,6,3763,2.51e-07
5,2,empty,24,7,1023,362,1,7,3765,2.01e-07
5,2,empty,24,8,1023,448,1,5,3767,2.51e-07
5,2,empty,24,9,1023,450,1,10,3771,3.81e-07
5,2,empty,24,10,1023,456,1,10,3775,4.41e-07
5,2,empty,24,11,1023,458,1,7,3777,1.5e-07
5,2,empty,24,12,1023,480,1,6,3779,2.81e-07
5,2,empty,24,13,1023,482,1,12,3783,4.8e-07
5,2,empty,24,14,1023,488,1,7,3785,2e-07
5,2,empty,24,15,1023,490,1,8,3787,2.1e-07
5,2,empty,24,16,1023,832,1,5,3789,2.3e-07
5,2,empty,24,17,1023,834,1,10,3793,1.552e-06
5,2,empty,24,18,1023,840,1,7,3796,3.61e-07
5,2,empty,24,19,1023,842,1,7,3798,2.11e-07
5,2,empty,24,20,1023,864,1,7,3801,3.51e-07
5,2,empty,24,21,1023,866,1,18,3808,8.52e-07
5,2,empty,24,22,1023,872,1,7,3810,2.1e-07
5,2,empty,24,23,1023,874,1,8,3812,2e-07
5,2,empty,24,24,1023,960,1,6,3814,2.6e-07
5,2,empty,24,25,1023,962,1,12,3818,4.21e-07
5,2,empty,24,26,1023,968,1,8,3821,4.01e-07
5,2,empty,24,27,1023,970,1,8,3823,1.91e-07
5,2,empty,24,28,1023,992,1,7,3825,2.6e-07
5,2,empty,24,29,1023,994,1,14,3829,5.91e-07
5,2,empty,24,30,1023,1000,1,8,3831,2.5e-07
5,2,empty,24,31,1023,1002,1,9,3833,2.9e-07
5,2,empty,25,0,1023,321,1,2,3834,1.1e-07
5,2,empty,25,1,1023,323,1,2,3835,1.5e-07
5,2,empty,25,2,1023,329,1,2,3836,1.5e-07
5,2,empty,25,3,1023,331,1,2,3837,1.1e-07
5,2,empty,25,4,1023,353,1,2,3838,1.1e-07
5,2,empty,25,5,1023,355,1,2,3839,1.2e-07
5,2,empty,25,6,1023,361,1,2,3840,1.9e-07
5,2,empty,25,7,1023,363,1,2,3841,7e-08
5,2,empty,25,8,1023,449,1,2,3842,1.31e-07
5,2,empty,25,9,1023,451,1,2,3843,8e-08
5,2,empty,25,10,1023,457,1,2,3844,6e-08
5,2,empty,25,11,1023,459,1,2,3845,7.1e-08
5,2,empty,25,12,1023,481,1,2,3846,8e-08
5,2,empty,25,13,1023,483,1,2,3847,6e-08
5,2,empty,25,14,1023,489,1,2,3848,1.41e-07
5,2,empty,25,15,1023,491,1,2,3849,9e-08
5,2,empty,25,16,1023,833,1,2,3850,9e-08
5,2,empty,25,17,1023,835,1,2,3851,1.01e-07
5,2,empty,25,18,1023,841,1,2,3852,9e-08
5,2,empty,25,19,1023,843,1,2,3853,9e-08
5,2,empty,25,20,1023,865,1,2,3854,1.2e-07
5,2,empty,25,21,1023,867,1,2,3855,8e-08
5,2,empty,25,22,1023,873,1,2,3856,8e-08
5,2,empty,25,23,1023,875,1,2,3857,9e-08
5,2,empty,25,24,1023,961,1,2,3858,1.6e-07
5,2,empty,25,25,1023,963,1,2,3859,1.1e-07
5,2,empty,25,26,1023,969,1,2,3860,8e-08
5,2,empty,25,27,1023,971,1,2,3861,7e-08
5,2,empty,25,28,1023,993,1,2,3862,8e-08
5,2,empty,25,29,1023,995,1,2,3863,1e-07
5,2,empty,25,30,1023,1001,1,2,3864,9.1e-08
5,2,empty,25,31,1023,1003,1,2,3865,9e-08
5,2,empty,26,0,1023,324,1,5,3867,2.2e-07
5,2,empty,26,1,1023,326,1,11,3872,6.21e-07
5,2,empty,26,2,1023,332,1,6,3874,1.8e-07
5,2,empty,26,3,1023,334,1,7,3876,1.723e-06
5,2,empty,26,4,1023,356,1,7,3879,2.5e-07
5,2,empty,26,5,1023,358,1,189,3960,7.521e-06
5,2,empty,26,6,1023,364,1,7,3962,1.372e-06
5,2,empty,26,7,1023,366,1,8,3964,1.8e-07
5,2,empty,26,8,1023,452,1,6,3966,2.51e-07
5,2,empty,26,9,1023,454,1,18,3973,6.91e-07
5,2,empty,26,10,1023,460,1,7,3975,1.5e-07
5,2,empty,26,11,1023,462,1,8,3977,1.6e-07
5,2,empty,26,12,1023,484,1,7,3979,2.3e-07
5,2,empty,26,13,1023,486,1,87,4005,2.834e-06
5,2,empty,26,14,1023,492,1,8,4007,2.01e-07
5,2,empty,26,15,1023,494,1,23,4014,6.61e-07
5,2,empty,26,16,1023,836,1,6,4016,2e-07
5,2,empty,26,17,1023,838,1,13,4021,7.01e-07
5,2,empty,26,18,1023,844,1,7,4023,4.31e-07
5,2,empty,26,19,1023,846,1,8,4025,2.4e-07
5,2,empty,26,20,1023,868,1,8,4028,3.01e-07
5,2,empty,26,21,1023,870,1,48,4049,3.294e-06
5,2,empty,26,22,1023,876,1,8,4051,2.51e-07
5,2,empty,26,23,1023,878,1,17,4058,8.22e-07
5,2,empty,26,24,1023,964,1,7,4060,2.2e-07
5,2,empty,26,25,1023,966,1,21,4067,8.01e-07
5,2,empty,26,26,1023,972,1,8,4069,2.5e-07
5,2,empty,26,27,1023,974,1,9,4071,2.1e-07
5,2,empty,26,28,1023,996,1,8,4073,2e-07
5,2,empty,26,29,1023,998,1,31,4083,1.382e-06
5,2,empty,26,30,1023,1004,1,9,4085,2.9e-07
5,2,empty,26,31,1023,1006,1,16,4090,4.71e-07
5,2,empty,27,0,1023,325,1,2,4091,1.2e-07
5,2,empty,27,1,1023,327,1,2,4092,1.6e-07
5,2,empty,27,2,1023,333,1,2,4093,1.4e-07
5,2,empty,27,3,1023,335,1,2,4094,1.2e-07
5,2,empty,27,4,1023,357,1,2,4095,7e-08
5,2,empty,27,5,1023,359,1,2,4096,1.1e-07
5,2,empty,27,6,1023,365,1,2,4097,1.01e-07
5,2,empty,27,7,1023,367,1,2,4098,1.4e-07
5,2,empty,27,8,1023,453,1,2,4099,1.2e-07
5,2,empty,27,9,1023,455,1,2,4100,1.1e-07
5,2,empty,27,10,1023,461,1,2,4101,1.2e-07
5,2,empty,27,11,1023,463,1,2,4102,1.3e-07
5,2,empty,27,12,1023,485,1,2,4103,9e-08
5,2,empty,27,13,1023,487,1,24,4114,7.71e-07
5,2,empty,27,14,1023,493,1,2,4115,7.1e-08
5,2,empty,27,15,1023,495,1,30,4128,1.112e-06
5,2,empty,27,16,1023,837,1,2,4129,8.1e-08
5,2,empty,27,17,1023,839,1,2,4130,8e-08
5,2,empty,27,18,1023,845,1,2,4131,1.5e-07
5,2,empty,27,19,1023,847,1,2,4132,1.292e-06
5,2,empty,27,20,1023,869,1,2,4133,6e-08
5,2,empty,27,21,1023,871,1,84,4171,3.906e-06
5,2,empty,27,22,1023,877,1,2,4172,9.1e-08
5,2,empty,27,23,1023,879,1,60,4197,2.544e-06
5,2,empty,27,24,1023,965,1,2,4198,1.1e-07
5,2,empty,27,25,1023,967,1,2,4199,1.01e-07
5,2,empty,27,26,1023,973,1,2,4200,8e-08
5,2,empty,27,27,1023,975,1,2,4201,8e-08
5,2,empty,27,28,1023,997,1,2,4202,8e-08
5,2,empty,27,29,1023,999,1,63,4228,3.796e-06
5,2,empty,27,30,1023,1005,1,2,4229,1.1e-07
5,2,empty,27,31,1023,1007,1,79,4261,3.045e-06
5,2,empty,28,0,1023,336,1,5,4263,2.9e-07
5,2,empty,28,1,1023,338,1,10,4267,3.5e-07
5,2,empty,28,2,1023,344,1,7,4270,4.01e-07
5,2,empty,28,3,1023,346,1,7,4272,2.01e-07
5,2,empty,28,4,1023,368,1,6,4274,1.81e-07
5,2,empty,28,5,1023,370,1,12,4278,4.61e-07
5,2,empty,28,6,1023,376,1,7,4280,2.6e-07
5,2,empty,28,7,1023,378,1,8,4282,2.4e-07
5,2,empty,28,8,1023,464,1,6,4284,2.71e-07
5,2,empty,28,9,1023,466,1,15,4290,6.6e-07
5,2,empty,28,10,1023,472,1,8,4293,3.61e-07
5,2,empty,28,11,1023,474,1,18,4300,6.81e-07
5,2,empty,28,12,1023,496,1,7,4302,1.352e-06
5,2,empty,28,13,1023,498,1,21,4312,1.091e-06
5,2,empty,28,14,1023,504,1,8,4314,2.71e-07
5,2,empty,28,15,1023,506,1,13,4318,4.01e-07
5,2,empty,28,16,1023,848,1,6,4320,2.11e-07
5,2,empty,28,17,1023,850,1,12,4324,5.21e-07
5,2,empty,28,18,1023,856,1,8,4327,5.8e-07
5,2,empty,28,19,1023,858,1,8,4329,2.3e-07
5,2,empty,28,20,1023,880,1,7,4331,3.6e-07
5,2,empty,28,21,1023,882,1,14,4335,4.61e-07
5,2,empty,28,22,1023,888,1,8,4337,2.1e-07
5,2,empty,28,23,1023,890,1,9,4339,2.2e-07
5,2,empty,28,24,1023,976,1,7,4341,2.5e-07
5,2,empty,28,25,1023,978,1,24,4353,1.111e-06
5,2,empty,28,26,1023,984,1,9,4356,4.11e-07
5,2,empty,28,27,1023,986,1,21,4365,9.52e-07
5,2,empty,28,28,1023,1008,1,8,4367,2.11e-07
5,2,empty,28,29,1023,1010,1,24,4378,1.262e-06
5,2,empty,28,30,1023,1016,1,9,4380,2.8e-07
5,2,empty,28,31,1023,1018,1,14,4384,5.21e-07
5,2,empty,29,0,1023,337,1,2,4385,1.4e-07
5,2,empty,29,1,1023,339,1,2,4386,7e-08
5,2,empty,29,2,1023,345,1,2,4387,1e-07
5,2,empty,29,3,1023,347,1,2,4388,1.312e-06
5,2,empty,29,4,1023,369,1,2,4389,1e-07
5,2,empty,29,5,1023,371,1,2,4390,1e-07
5,2,empty,29,6,1023,377,1,2,4391,1.2e-07
5,2,empty,29,7,1023,379,1,2,4392,1.21e-07
5,2,empty,29,8,1023,465,1,2,4393,1.1e-07
5,2,empty,29,9,1023,467,1,10,4397,6.71e-07
5,2,empty,29,10,1023,473,1,2,4398,1.11e-07
5,2,empty,29,11,1023,475,1,110,4441,4.156e-06
5,2,empty,29,12,1023,497,1,2,4442,7e-08
5,2,empty,29,13,1023,499,1,17,4448,6.81e-07
5,2,empty,29,14,1023,505,1,2,4449,1.21e-07
5,2,empty,29,15,1023,507,1,116,4493,7.041e-06
5,2,empty,29,16,1023,849,1,2,4494,1.5e-07
5,2,empty,29,17,1023,851,1,2,4495,7e-08
5,2,empty,29,18,1023,857,1,2,4496,9e-08
5,2,empty,29,19,1023,859,1,2,4497,2e-07
5,2,empty,29,20,1023,881,1,2,4498,1e-07
5,2,empty,29,21,1023,883,1,2,4499,9e-08
5,2,empty,29,22,1023,889,1,2,4500,1e-07
5,2,empty,29,23,1023,891,1,2,4501,8e-08
5,2,empty,29,24,1023,977,1,2,4502,1e-07
5,2,empty,29,25,1023,979,1,16,4508,7.21e-07
5,2,empty,29,26,1023,985,1,2,4509,1.1e-07
5,2,empty,29,27,1023,987,1,58,4534,2.644e-06
5,2,empty,29,28,1023,1009,1,2,4535,8e-08
5,2,empty,29,29,1023,1011,1,188,4620,1.0846e-05
5,2,empty,29,30,1023,1017,1,2,4621,1.2e-07
5,2,empty,29,31,1023,1019,0,37,4635,1.672e-06
5,2,empty,30,0,1023,340,1,6,4637,4.31e-07
5,2,empty,30,1,1023,342,1,12,4641,5.71e-07
5,2,empty,30,2,1023,348,1,7,4643,2.2e-07
5,2,empty,30,3,1023,350,1,8,4645,1.362e-06
5,2,empty,30,4,1023,372,1,7,4647,2.2e-07
5,2,empty,30,5,1023,374,1,31,4656,1.232e-06
5,2,empty,30,6,1023,380,1,8,4658,2.91e-07
5,2,empty,30,7,1023,382,1,9,4660,3e-07
5,2,empty,30,8,1023,468,1,7,4662,2.9e-07
5,2,empty,30,9,1023,470,1,22,4671,1.191e-06
5,2,empty,30,10,1023,476,1,8,4673,2.91e-07
5,2,empty,30,11,1023,478,1,14,4677,5.51e-07
5,2,empty,30,12,1023,500,1,8,4679,2.2e-07
5,2,empty,30,13,1023,502,1,26,4686,9.61e-07
5,2,empty,30,14,1023,508,1,9,4688,2.6e-07
5,2,empty,30,15,1023,510,1,14,4691,4.21e-07
5,2,empty,30,16,1023,852,1,7,4693,2e-07
5,2,empty,30,17,1023,854,1,14,4697,5.81e-07
5,2,empty,30,18,1023,860,1,8,4699,3.3e-07
5,2,empty,30,19,1023,862,1,9,4701,2.7e-07
5,2,empty,30,20,1023,884,1,8,4703,2.8e-07
5,2,empty,30,21,1023,886,1,26,4714,1.181e-06
5,2,empty,30,22,1023,892,1,9,4716,4.01e-07
5,2,empty,30,23,1023,894,1,29,4729,3.285e-06
5,2,empty,30,24,1023,980,1,8,4731,4.21e-07
5,2,empty,30,25,1023,982,1,26,4742,1.062e-06
5,2,empty,30,26,1023,988,1,9,4744,3.7e-07
5,2,empty,30,27,1023,990,1,16,4749,5.81e-07
5,2,empty,30,28,1023,1012,1,2,4750,1.1e-07
5,2,empty,30,29,1023,1014,1,11,4753,4.31e-07
5,2,empty,30,30,1023,1020,1,10,4755,3.51e-07
5,2,empty,30,31,1023,1022,1,12,4758,5e-07
5,2,empty,31,0,1023,341,1,2,4759,1.4e-07
5,2,empty,31,1,1023,343,1,2,4760,1.1e-07
5,2,empty,31,2,1023,349,1,2,4761,1.71e-07
5,2,empty,31,3,1023,351,1,2,4762,1.1e-07
5,2,empty,31,4,1023,373,1,2,4763,1.2e-07
5,2,empty,31,5,1023,375,1,2,4764,6e-08
5,2,empty,31,6,1023,381,1,2,4765,8e-08
5,2,empty,31,7,1023,383,1,2,4766,1.1e-07
5,2,empty,31,8,1023,469,1,2,4767,1e-07
5,2,empty,31,9,1023,471,1,10,4770,3.6e-07
5,2,empty,31,10,1023,477,1,2,4771,3.8e-07
5,2,empty,31,11,1023,479,1,37,4785,1.823e-06
5,2,empty,31,12,1023,501,1,2,4786,1.41e-07
5,2,empty,31,13,1023,503,1,10,4788,3.21e-07
5,2,empty,31,14,1023,509,1,2,4789,1.3e-07
5,2,empty,31,15,1023,511,1,314,4905,1.5863e-05
5,2,empty,31,16,1023,853,1,2,4906,1e-07
5,2,empty,31,17,1023,855,1,2,4907,7e-08
5,2,empty,31,18,1023,861,1,2,4908,1.4e-07
5,2,empty,31,19,1023,863,1,2,4909,9e-08
5,2,empty,31,20,1023,885,1,2,4910,9e-08
5,2,empty,31,21,1023,887,1,94,4947,4.106e-06
5,2,empty,31,22,1023,893,1,2,4948,7e-08
5,2,empty,31,23,1023,895,0,430,5102,8.0698e-05
5,2,empty,31,24,1023,981,1,2,5103,1.3e-07
5,2,empty,31,25,1023,983,1,12,5107,5.01e-07
5,2,empty,31,26,1023,989,1,2,5108,1.2e-07
5,2,empty,31,27,1023,991,1,50,5128,1.833e-06
5,2,empty,31,28,1023,1013,1,2,5129,6e-08
5,2,empty,31,29,1023,1015,0,71,5157,2.744e-06
5,2,empty,31,30,1023,1021,1,2,5158,1.4e-07
5,2,empty,31,31,1023,1023,0,1,5159,1.2e-07
