a,b,q_scaled,result,winning_move,visits,memo
1048556,518118,64,1,2,1773,867
518118,1048556,-64,0,-2,2504,1962
1048556,518118,32,1,2,22473,11243
518118,1048556,-32,0,-2,32365,22819
1048556,518118,16,1,7,104673,59609
518118,1048556,-16,0,-2,135411,103186
1048556,518118,0,1,7,9235,106845
518118,1048556,0,1,8,7495,110020
1048556,518118,-16,0,-2,379902,235877
518118,1048556,16,1,8,328095,330349
1048556,518118,-32,0,-2,43204,345763
518118,1048556,32,1,8,1,345763
1048536,518117,64,0,-2,96718,381837
518117,1048536,-64,0,-2,7870,384511
1048536,518117,32,0,-2,30839,394962
518117,1048536,-32,2,-3,3000001,1218572
1048536,518117,16,0,-2,30776,1228346
518117,1048536,-16,1,-1,2471610,1812264
1048536,518117,0,0,-2,6968,1814611
518117,1048536,0,1,0,1,1814611
1048536,518117,-16,0,-2,29910,1824561
518117,1048536,16,1,0,932214,2048994
1048536,518117,-32,0,-2,12387,2052810
518117,1048536,32,1,0,1,2052810
1048497,518115,64,1,0,2,2052811
518115,1048497,-64,0,-2,325,2052929
1048497,518115,32,1,0,2,2052930
518115,1048497,-32,0,-2,693,2053138
1048497,518115,16,1,7,7111,2055949
518115,1048497,-16,0,-2,1178,2056261
1048497,518115,0,1,8,3110,2057554
518115,1048497,0,1,0,1190,2058019
1048497,518115,-16,0,-2,9914,2061514
518115,1048497,16,1,0,10566,2064918
1048497,518115,-32,0,-2,4488,2066552
518115,1048497,32,1,0,1,2066552
1048435,518119,64,0,-2,48685,2084079
518119,1048435,-64,0,-2,1817,2084702
1048435,518119,32,0,-2,19519,2090822
518119,1048435,-32,1,-1,1749971,2558106
1048435,518119,16,0,-2,18495,2563616
518119,1048435,-16,1,-1,1470486,2899111
1048435,518119,0,0,-2,4243,2900516
518119,1048435,0,1,0,1,2900516
1048435,518119,-16,0,-2,23115,2907912
518119,1048435,16,1,0,596752,3049133
1048435,518119,-32,0,-2,31970,12222
518119,1048435,32,1,0,32236,24355
1048270,518119,64,0,-2,68644,50910
518119,1048270,-64,0,-2,8578,53916
1048270,518119,32,0,-2,20535,60920
518119,1048270,-32,2,-3,3000001,906508
1048270,518119,16,0,-2,14619,911241
518119,1048270,-16,1,-1,2634527,1550084
1048270,518119,0,0,-2,6526,1552403
518119,1048270,0,1,0,1,1552403
1048270,518119,-16,0,-2,22516,1559779
518119,1048270,16,1,0,1050166,1815498
1048270,518119,-32,0,-2,9081,1818368
518119,1048270,32,1,0,1,1818368
1047949,518087,64,1,0,1655,1819108
518087,1047949,-64,0,-2,1843,1819886
1047949,518087,32,1,0,17011,1826547
518087,1047949,-32,0,-2,3176,1827680
1047949,518087,16,1,8,39309,1841925
518087,1047949,-16,0,-2,29128,1851104
1047949,518087,0,1,8,6960,1854007
518087,1047949,0,1,0,3175,1855400
1047949,518087,-16,0,-2,36640,1868808
518087,1047949,16,1,0,7104,1871499
1047949,518087,-32,0,-2,4795,1873281
518087,1047949,32,1,0,1,1873281
1047323,518055,64,0,-2,28035,1883160
518055,1047323,-64,0,-2,2662,1884098
1047323,518055,32,0,-2,13369,1888308
518055,1047323,-32,1,-1,1946627,2400684
1047323,518055,16,0,-2,16858,2405595
518055,1047323,-16,1,-1,1389631,2711772
1047323,518055,0,0,-2,3938,2713067
518055,1047323,0,1,0,1,2713067
1047323,518055,-16,0,-2,21617,2719351
518055,1047323,16,1,0,594202,2859350
1047323,518055,-32,0,-2,4787,2860750
518055,1047323,32,1,0,1,2860750
1046327,517991,64,1,0,289,2860872
517991,1046327,-64,0,-2,3764,2862227
1046327,517991,32,1,0,5161,2864013
517991,1046327,-32,0,-2,6312,2866027
1046327,517991,16,1,0,15889,2871025
517991,1046327,-16,0,-2,5767,2873075
1046327,517991,0,1,0,1310,2873564
517991,1046327,0,1,2,5128,2875536
1046327,517991,-16,0,-2,33561,2887995
517991,1046327,16,1,2,24343,2896524
1046327,517991,-32,0,-2,4956,2898258
517991,1046327,32,1,0,1,2898258
1043695,517863,64,1,0,469,2898443
517863,1043695,-64,0,-2,6387,2900678
1043695,517863,32,1,0,1168,2901115
517863,1043695,-32,0,-2,6335,2903169
1043695,517863,16,1,0,1126,2903585
517863,1043695,-16,0,-2,10512,2906986
1043695,517863,0,1,0,1338,2907493
517863,1043695,0,0,-2,2963,2908587
1043695,517863,-16,1,-1,90424,2939940
517863,1043695,16,0,-2,17756,2945698
1043695,517863,-32,0,-2,5308,2947483
517863,1043695,32,0,-2,1,2947483
1038559,517607,64,0,-2,8656,2950237
517607,1038559,-64,0,-2,2050,2950958
1038559,517607,32,0,-2,33828,2960218
517607,1038559,-32,1,-1,1035100,3226643
1038559,517607,16,0,-2,132359,44839
517607,1038559,-16,2,-3,3000001,868124
1038559,517607,0,0,-2,5030,869919
517607,1038559,0,1,0,1,869919
1038559,517607,-16,0,-2,101497,899399
517607,1038559,16,1,0,986952,1129442
1038559,517607,-32,0,-2,12606,1133669
517607,1038559,32,1,0,1,1133669
1028543,517095,64,1,0,1611,1134401
517095,1028543,-64,0,-2,10169,1138709
1028543,517095,32,1,0,8278,1142205
517095,1028543,-32,0,-2,10360,1146236
1028543,517095,16,1,0,27513,1157119
517095,1028543,-16,0,-2,18745,1164186
1028543,517095,0,1,0,3697,1165726
517095,1028543,0,1,8,14617,1171749
1028543,517095,-16,0,-2,72461,1199946
517095,1028543,16,1,8,41769,1215239
1028543,517095,-32,0,-2,11338,1219530
517095,1028543,32,1,8,1,1219530
1012607,518119,64,0,-2,21822,1227638
518119,1012607,-64,0,-2,5583,1229672
1012607,518119,32,0,-2,44158,1244472
518119,1012607,-32,1,-1,2760296,1966339
1012607,518119,16,0,-2,41667,1978019
518119,1012607,-16,1,-1,1685214,2377751
1012607,518119,0,0,-2,4777,2379399
518119,1012607,0,1,0,1,2379399
1012607,518119,-16,0,-2,71984,2400788
518119,1012607,16,1,0,602866,2546919
1012607,518119,-32,0,-2,12954,2551096
518119,1012607,32,1,0,1,2551096
970495,518119,64,0,-2,7825,2553720
518119,970495,-64,0,-2,4589,2555382
970495,518119,32,0,-2,31139,2565331
518119,970495,-32,1,-1,1628322,2985756
970495,518119,16,0,-2,52056,3000457
518119,970495,-16,2,-3,3000001,855639
970495,518119,0,0,-2,6763,858173
518119,970495,0,1,0,135,858209
970495,518119,-16,0,-2,122542,896038
518119,970495,16,1,0,977042,1132902
970495,518119,-32,0,-2,14689,1137913
518119,970495,32,1,0,1,1137913
888319,509927,64,1,0,1656,1138667
509927,888319,-64,0,-2,16830,1145263
888319,509927,32,1,0,9205,1149136
509927,888319,-32,0,-2,32387,1160712
888319,509927,16,1,0,19789,1168594
509927,888319,-16,0,-2,39798,1181829
888319,509927,0,1,0,5119,1183942
509927,888319,0,1,8,21392,1192453
888319,509927,-16,0,-2,66245,1216726
509927,888319,16,1,8,125953,1258473
888319,509927,-32,0,-2,8067,1261393
509927,888319,32,1,0,1,1261393
728063,501735,64,0,-2,11391,1265332
501735,728063,-64,0,-2,5463,1267373
728063,501735,32,0,-2,36750,1279453
501735,728063,-32,1,-1,2587065,1945140
728063,501735,16,0,-2,48801,1958552
501735,728063,-16,1,-1,1533495,2307201
728063,501735,0,0,-2,3489,2308395
501735,728063,0,1,0,1,2308395
728063,501735,-16,0,-2,60485,2326064
501735,728063,16,1,0,540223,2449332
728063,501735,-32,0,-2,9526,2452300
501735,728063,32,1,0,1,2452300
473087,485351,64,1,0,1397,2452932
485351,473087,-64,0,-2,23251,2460422
473087,485351,32,1,0,5867,2462766
485351,473087,-32,0,-2,34804,2473796
473087,485351,16,1,0,9883,2477638
485351,473087,-16,0,-2,35391,2488685
473087,485351,0,1,0,3150,2489983
485351,473087,0,1,10,32541,2500748
473087,485351,-16,0,-2,109721,2539784
485351,473087,16,1,8,146529,2585637
473087,485351,-32,0,-2,8918,2588793
485351,473087,32,1,8,1,2588793
847871,452583,64,1,0,1471,2589467
452583,847871,-64,0,-2,3349,2590823
847871,452583,32,1,0,5982,2593118
452583,847871,-32,0,-2,79712,2616175
847871,452583,16,1,0,10390,2619837
452583,847871,-16,0,-2,91387,2643974
847871,452583,0,1,0,3737,2645509
452583,847871,0,1,8,14034,2650314
847871,452583,-16,0,-2,57924,2670931
452583,847871,16,1,8,311651,2754461
847871,452583,-32,0,-2,6519,2756542
452583,847871,32,1,8,1,2756542
581631,387047,64,0,-2,6512,2758678
387047,581631,-64,0,-2,5233,2760652
581631,387047,32,0,-2,25914,2768721
387047,581631,-32,1,-1,1413512,3122721
581631,387047,16,0,-2,163652,55166
387047,581631,-16,2,-3,3000001,894379
581631,387047,0,0,-2,4361,895941
387047,581631,0,1,0,1,895941
581631,387047,-16,0,-2,103319,926889
387047,581631,16,1,0,926178,1149333
581631,387047,-32,0,-2,14902,1154213
387047,581631,32,1,0,1,1154213
114687,255975,64,1,0,1815,1155056
255975,114687,-64,0,-2,25600,1164642
114687,255975,32,1,0,12789,1170046
255975,114687,-32,0,-2,51517,1187317
114687,255975,16,1,0,24154,1196882
255975,114687,-16,0,-2,97201,1227447
114687,255975,0,1,0,4635,1229385
255975,114687,0,1,15,40010,1244049
114687,255975,-16,0,-2,117628,1286314
255975,114687,16,1,8,228069,1357781
114687,255975,-32,0,-2,9696,1361220
255975,114687,32,1,8,1,1361220
229375,518119,64,0,-2,24953,1370453
518119,229375,-64,0,-2,6526,1372983
229375,518119,32,0,-2,47691,1389106
518119,229375,-32,1,-1,2486759,2038706
229375,518119,16,0,-2,41368,2050396
518119,229375,-16,1,-1,1689173,2455821
229375,518119,0,0,-2,5396,2457675
518119,229375,0,1,0,1,2457675
229375,518119,-16,0,-2,43339,2471449
518119,229375,16,1,0,602040,2614957
229375,518119,-32,0,-2,15377,2619924
518119,229375,32,1,0,1,2619924
